{"N_mic": 21, "N_unbalanced": 16, "N_metabolite": 21, "N_km": 36, "N_reaction": 8, "N_enzyme": 9, "N_phosphorylation_enzymes": 0, "N_experiment": 2, "N_flux_measurement": 8, "N_enzyme_measurement": 0, "N_conc_measurement": 10, "N_competitive_inhibitor": 2, "N_allosteric_inhibitor": 2, "N_allosteric_activator": 4, "N_allosteric_enzyme": 4, "N_drain": 2, "unbalanced_mic_ix": [2, 3, 4, 6, 7, 9, 10, 12, 13, 15, 16, 17, 18, 19, 20, 21], "balanced_mic_ix": [1, 5, 8, 11, 14], "experiment_yconc": [1, 1, 1, 1, 1, 2, 2, 2, 2, 2], "mic_ix_yconc": [1, 5, 8, 11, 14, 1, 5, 8, 11, 14], "yconc": [0.038729833, 0.092195445, 0.010954451, 0.004242641, 0.004, 0.038729833, 0.092195445, 0.010954451, 0.004242641, 0.004], "sigma_conc": [0.28, 0.263, 0.557, 0.149, 0.596, 0.28, 0.263, 0.557, 0.149, 0.596], "experiment_yflux": [1, 1, 1, 1, 2, 2, 2, 2], "reaction_yflux": [7, 3, 4, 5, 7, 3, 4, 5], "yflux": [0.629, 0.023, 1.0270000000000001, 0.08800000000000001, 0.9940000000000001, 0.39399999999999996, 1.43, 0.063], "sigma_flux": [0.06, 0.0023, 0.1, 0.0088, 0.1, 0.03, 0.1, 0.0063], "experiment_yenz": [], "enzyme_yenz": [], "yenz": [], "sigma_enz": [], "prior_loc_formation_energy": [492.054, -246.438, -428.835, -843.229, 1359.49, 1.70349, 882.412, 483.275, 139.938, 1041.57, 19.1826, 326.358, 620.341, 1102.59, 1057.85, 507.591, 29.2731, 231.46, 546.732, 609.087, 69.9267], "prior_scale_formation_energy": [17.383040100000002, 2.31572107, 0.58474181, 1.28438072, 5.0, 1.0, 5.0, 7.8, 1.94154761, 5.0, 7.8, 5.0, 5.0, 5.0, 5.0, 5.0, 13.5, 1.35879992, 45.1128511, 45.071929600000004, 7.8], "prior_loc_kcat": [0.37453, 54.2249, 15.8, 136.839, 2.82639, 13.2735, 24.4068, 1.66209, 9.5872], "prior_scale_kcat": [2.0, 2.0, 0.9566538942495864, 0.2587688663765167, 0.25660875610976536, 0.37904661893881425, 0.6305713996118358, 0.2520517833785601, 2.0], "prior_loc_phos_kcat": [], "prior_scale_phos_kcat": [], "prior_loc_km": [0.0764744, 0.178745, 0.127563, 36.2051, 0.57131, 0.435383, 0.0348978, 0.0146457, 0.505705, 1.10505, 2.76173, 0.0165215, 9.06695, 0.00247865, 0.00318613, 0.00685226, 0.105478, 0.0188505, 0.00214365, 0.00320544, 0.0456797, 0.0267178, 0.0165655, 0.0506514, 1.24663, 0.00466929, 0.00215068, 0.000106356, 0.076545, 0.00196166, 0.0185615, 0.00033926, 0.0121787, 0.00526953, 0.00592769, 0.00271953], "prior_scale_km": [0.8468625708051929, 0.17645266239648758, 2.0, 2.0, 2.0, 2.0, 2.0, 2.0, 2.0, 2.0, 2.0, 2.0, 2.0, 2.0, 2.0, 2.0, 2.0, 2.0, 0.2361238189969911, 2.0, 2.0, 0.21080880979937816, 2.0, 2.0, 2.0, 0.6918302848827697, 0.14897754293212312, 2.0, 0.03435614740289054, 2.0, 0.12027775256229771, 2.0, 0.1330495785505543, 0.18363877081546645, 0.18363877081546645, 1.3208719331086916], "prior_loc_ki": [0.0441951, 0.112208], "prior_scale_ki": [2.0, 2.0], "prior_loc_diss_t": [7.49868, 0.00609635], "prior_scale_diss_t": [2.0, 2.0], "prior_loc_diss_r": [0.671047, 0.119705, 0.0106237, 0.00525463], "prior_scale_diss_r": [2.0, 0.9026390946821478, 2.0, 2.0], "prior_loc_tc": [0.367249, 4.89646, 0.0542745, 0.789441], "prior_scale_tc": [2.0, 2.0, 2.0, 2.0], "prior_loc_unbalanced": [[1.12945, 0.937023, 0.496913, 0.457521, 0.158293, 1.42694, 0.000102944, 0.00176858, 0.0233906, 0.00166561, 0.618411, 0.0760209, 1.50627, 0.00134404, 0.274795, 0.00225409], [1.27647, 1.02691, 0.286241, 0.734477, 1.06983, 1.48605, 3.74719e-05, 0.000516309, 0.0201018, 0.00106261, 0.312858, 0.0418476, 1.56825, 0.00126103, 0.25302, 0.00294819]], "prior_scale_unbalanced": [[0.149, 0.1, 0.6920000000000001, 1.0, 1.0, 0.0872, 1.0, 1.04, 0.095, 0.447, 0.753, 0.691, 0.054000000000000006, 0.0871, 0.0871, 0.34600000000000003], [0.149, 0.1, 0.6920000000000001, 1.0, 1.0, 0.0872, 1.0, 1.04, 0.095, 0.447, 0.753, 0.691, 0.054000000000000006, 0.0871, 0.0871, 0.34600000000000003]], "prior_loc_enzyme": [[1.05495, 0.973737, 0.998553, 1.04154, 1.14337, 0.80852, 1.10066, 1.22754, 0.940939], [0.971718, 1.04428, 0.94996, 0.839219, 1.10376, 1.09244, 0.943506, 1.20976, 1.02402]], "prior_scale_enzyme": [[0.1, 0.1, 0.1, 0.1, 0.1, 0.1, 0.1, 0.1, 0.1], [0.1, 0.1, 0.1, 0.1, 0.1, 0.1, 0.1, 0.1, 0.1]], "prior_loc_phos_conc": [[], []], "prior_scale_phos_conc": [[], []], "prior_loc_drain": [[0.142345, 0.777953], [0.135544, 1.09174]], "prior_scale_drain": [[0.013000000000000001, 0.076], [0.015, 0.1]], "S_enz": [[-1, -1, 0, 0, 0, 1, 1, 0, 0], [-1, -1, 0, 0, 0, 0, 0, 0, 0], [1, 1, 0, 0, 0, 0, 0, 0, 0], [1, 1, 0, 0, 0, 0, 0, 0, 0], [1, 1, -1, -1, 0, 0, 0, 0, 0], [0, 0, -1, 0, 0, 0, 0, 0, 0], [0, 0, 1, 0, 0, 0, 0, 0, 0], [0, 0, 1, 1, -1, 0, 0, 0, 0], [0, 0, 0, -1, 0, 0, 0, 0, 0], [0, 0, 0, 1, 0, 0, 0, 0, 0], [0, 0, 0, 0, 1, -1, -1, -1, 0], [0, 0, 0, 0, 1, 0, 0, 0, 0], [0, 0, 0, 0, 0, 1, 0, 0, 0], [0, 0, 0, 0, 0, -1, 0, 0, 1], [0, 0, 0, 0, 0, 0, 0, 0, -1], [0, 0, 0, 0, 0, 0, -1, 0, 0], [0, 0, 0, 0, 0, 0, 1, 0, 0], [0, 0, 0, 0, 0, 0, 0, -1, 0], [0, 0, 0, 0, 0, 0, 0, 0, 1], [0, 0, 0, 0, 0, 0, 0, 0, -1], [0, 0, 0, 0, 0, 0, 0, 1, 0]], "S_drain": [[-1, 1], [0, 0], [0, 0], [0, 0], [0, 0], [0, 0], [0, 0], [0, 0], [0, 0], [0, 0], [0, 0], [0, 0], [0, 0], [0, 0], [0, 0], [0, 0], [0, 0], [0, 0], [0, 0], [0, 0], [0, 0]], "S_full": [[-1, -1, 0, 0, 0, 1, 1, 0, 0, -1, 1], [-1, -1, 0, 0, 0, 0, 0, 0, 0, 0, 0], [1, 1, 0, 0, 0, 0, 0, 0, 0, 0, 0], [1, 1, 0, 0, 0, 0, 0, 0, 0, 0, 0], [1, 1, -1, -1, 0, 0, 0, 0, 0, 0, 0], [0, 0, -1, 0, 0, 0, 0, 0, 0, 0, 0], [0, 0, 1, 0, 0, 0, 0, 0, 0, 0, 0], [0, 0, 1, 1, -1, 0, 0, 0, 0, 0, 0], [0, 0, 0, -1, 0, 0, 0, 0, 0, 0, 0], [0, 0, 0, 1, 0, 0, 0, 0, 0, 0, 0], [0, 0, 0, 0, 1, -1, -1, -1, 0, 0, 0], [0, 0, 0, 0, 1, 0, 0, 0, 0, 0, 0], [0, 0, 0, 0, 0, 1, 0, 0, 0, 0, 0], [0, 0, 0, 0, 0, -1, 0, 0, 1, 0, 0], [0, 0, 0, 0, 0, 0, 0, 0, -1, 0, 0], [0, 0, 0, 0, 0, 0, -1, 0, 0, 0, 0], [0, 0, 0, 0, 0, 0, 1, 0, 0, 0, 0], [0, 0, 0, 0, 0, 0, 0, -1, 0, 0, 0], [0, 0, 0, 0, 0, 0, 0, 0, 1, 0, 0], [0, 0, 0, 0, 0, 0, 0, 0, -1, 0, 0], [0, 0, 0, 0, 0, 0, 0, 1, 0, 0, 0]], "S_phos_act": [], "S_phos_inh": [], "water_stoichiometry": [-1, -1, 0, 0, -1, 0, 0, 1, 0], "mic_to_met": [1, 2, 3, 4, 5, 6, 7, 8, 9, 10, 11, 12, 13, 14, 15, 16, 17, 18, 19, 20, 21], "S_to_flux_map": [[1, 1, 0, 0, 0, 0, 0, 0, 0], [0, 0, 1, 0, 0, 0, 0, 0, 0], [0, 0, 0, 1, 0, 0, 0, 0, 0], [0, 0, 0, 0, 1, 0, 0, 0, 0], [0, 0, 0, 0, 0, 1, 0, 0, 0], [0, 0, 0, 0, 0, 0, 1, 0, 0], [0, 0, 0, 0, 0, 0, 0, 1, 0], [0, 0, 0, 0, 0, 0, 0, 0, 1]], "is_knockout": [[0, 0, 0, 0, 0, 0, 0, 0, 0], [0, 0, 0, 0, 0, 0, 0, 0, 0]], "is_phos_knockout": [[], []], "km_lookup": [[1, 6, 0, 0, 0, 20, 23, 0, 0], [3, 8, 0, 0, 0, 0, 0, 0, 0], [4, 9, 0, 0, 0, 0, 0, 0, 0], [5, 10, 0, 0, 0, 0, 0, 0, 0], [2, 7, 33, 11, 0, 0, 0, 0, 0], [0, 0, 34, 0, 0, 0, 0, 0, 0], [0, 0, 35, 0, 0, 0, 0, 0, 0], [0, 0, 36, 12, 15, 0, 0, 0, 0], [0, 0, 0, 13, 0, 0, 0, 0, 0], [0, 0, 0, 14, 0, 0, 0, 0, 0], [0, 0, 0, 0, 17, 19, 22, 26, 0], [0, 0, 0, 0, 16, 0, 0, 0, 0], [0, 0, 0, 0, 0, 21, 0, 0, 0], [0, 0, 0, 0, 0, 18, 0, 0, 30], [0, 0, 0, 0, 0, 0, 0, 0, 29], [0, 0, 0, 0, 0, 0, 25, 0, 0], [0, 0, 0, 0, 0, 0, 24, 0, 0], [0, 0, 0, 0, 0, 0, 0, 27, 0], [0, 0, 0, 0, 0, 0, 0, 0, 32], [0, 0, 0, 0, 0, 0, 0, 0, 31], [0, 0, 0, 0, 0, 0, 0, 28, 0]], "n_ci": [0, 0, 1, 1, 0, 0, 0, 0, 0], "n_ai": [0, 0, 0, 1, 0, 0, 0, 0, 1], "n_aa": [0, 1, 0, 1, 0, 0, 0, 1, 1], "ci_ix": [14, 8], "ai_ix": [15, 5], "aa_ix": [5, 5, 5, 8], "subunits": [1, 2, 1, 4, 1, 1, 1, 2, 2], "conc_init": [[0.038729833, 1.4142135619999998, 1.0, 0.5, 0.092195445, 1.0, 1.0, 0.010954451, 1.469693846, 0.0001, 0.004242641, 0.004472136, 0.022449944, 0.004, 0.002828427, 1.267280553, 0.05, 1.5874507869999999, 0.001224745, 0.24494897399999999, 0.002236068], [0.038729833, 1.4142135619999998, 1.0, 0.5, 0.092195445, 1.0, 1.0, 0.010954451, 1.469693846, 0.0001, 0.004242641, 0.004472136, 0.022449944, 0.004, 0.002828427, 1.267280553, 0.05, 1.5874507869999999, 0.001224745, 0.24494897399999999, 0.002236068]], "init_enzyme": [[1.0, 1.0, 1.0, 1.0, 1.0, 1.0, 1.0, 1.5, 1.0], [1.0, 1.0, 1.0, 1.0, 1.0, 1.0, 1.0, 1.0, 1.0]], "rel_tol": 1e-09, "abs_tol": 1e-12, "max_num_steps": 1000000000, "LIKELIHOOD": 1, "timepoint": 1000.0}